name,value
test_mae,4.0103864669799805
test_mse,16.083200454711914
val_mae,0.010386466979980469
best_epoch,681.0
total_time,78.7167211
